<DATE>;<TIME>;<OPEN>;<HIGH>;<LOW>;<CLOSE>;<VOL>
04/01/21;000000;274.67;276.6;270.61;272;48799460
05/01/21;000000;272.67;275.7;270.28;275.2;45554100
06/01/21;000000;275.9;275.92;271.62;272.93;40905340
08/01/21;000000;275.11;283.99;275.11;283.64;88672940
11/01/21;000000;282.75;292.95;279.48;289.49;112210400
12/01/21;000000;290.5;296.07;286.7;289.99;78890100
13/01/21;000000;291.01;292.46;283.1;283.78;67489780
14/01/21;000000;284;286.9;279.06;284.79;74616910
15/01/21;000000;282.55;286.16;276;276.9;73687110
18/01/21;000000;275.73;281.3;272.95;279.79;73676310
19/01/21;000000;280.98;282.8;276.42;278.19;55682850
20/01/21;000000;278.63;282.49;276.77;279.8;47858610
21/01/21;000000;280.78;281.54;272.84;274.4;83765230
22/01/21;000000;273;273.3;266.78;268.25;86899970
25/01/21;000000;270.54;273.63;261.65;265.3;114068450
26/01/21;000000;262.9;269.57;262.61;269.34;75094890
27/01/21;000000;270.07;273.8;265.02;265.5;100046360
28/01/21;000000;263.5;267.17;261.17;265.96;81088040
29/01/21;000000;263.92;264.75;257.36;258.11;120025230
01/02/21;000000;260;264.06;258.73;263.8;63050800
02/02/21;000000;265;268.39;263.05;263.15;79360220
03/02/21;000000;264.25;268.14;261.05;263.53;77585700
04/02/21;000000;263.21;270.6;262.34;270.11;78873410
05/02/21;000000;271.99;272.57;268.87;271.7;71697410
08/02/21;000000;273.01;275.58;272.32;275.2;51720410
09/02/21;000000;275.99;276.29;267.19;268.98;91773840
10/02/21;000000;269.28;270.99;265.2;265.9;63033470
11/02/21;000000;265.49;266.9;263.75;264.7;38615960
12/02/21;000000;263.99;266.44;258.55;266;81585980
15/02/21;000000;268.49;271.87;267.07;271.81;56766380
16/02/21;000000;272.31;272.8;268.27;270.9;62992920
17/02/21;000000;270.92;275.07;267.56;270.9;79087080
18/02/21;000000;270.35;272.46;266.21;266.99;58686040
19/02/21;000000;266.12;272.81;264.19;271.34;59193580
20/02/21;000000;271;271;269.02;270.51;8738250
22/02/21;000000;270.37;274.46;268.12;273.71;48095910
24/02/21;000000;272.12;272.75;269.42;271.9;64101830
25/02/21;000000;273.6;276.48;270.65;270.71;79566390
26/02/21;000000;268;272.49;266.43;270.17;74446940
01/03/21;000000;273;274.73;271.13;273.58;35741070
02/03/21;000000;271.89;280;271.6;279.1;71481180
03/03/21;000000;281.7;283.83;277.63;278.01;64113880
04/03/21;000000;278.53;281.96;273.63;274.75;91841080
05/03/21;000000;276.12;278.98;272.76;277.5;83301590
09/03/21;000000;278.71;286.38;277.56;285.79;72592390
10/03/21;000000;285.23;288;281;282.24;55067560
11/03/21;000000;283.86;286.38;282.3;286;47203100
12/03/21;000000;286.3;287.49;282.82;284.93;51362640
15/03/21;000000;286.07;292.92;285.28;292.74;67756210
16/03/21;000000;293.07;293.88;288.61;292.33;53891160
17/03/21;000000;292.38;293.25;279.6;283.35;110247040
18/03/21;000000;284.06;285.79;278.24;279.25;74060790
19/03/21;000000;279;286.31;278.03;285.47;84214320
22/03/21;000000;285;291.2;283.08;288.65;62697960
23/03/21;000000;287.6;288.3;282.11;282.6;70668340
24/03/21;000000;283.3;288;282.25;285.79;46388650
25/03/21;000000;286.33;287.03;283.85;286.66;35114120
26/03/21;000000;288.6;292.75;288.32;291.22;55889260
29/03/21;000000;289.72;294.09;289.26;293.3;43631060
30/03/21;000000;294.6;295.72;291.5;293.25;38637210
31/03/21;000000;294;294.42;290.26;291.02;46972400
01/04/21;000000;292;294.72;288.43;290.24;51532880
02/04/21;000000;290.81;292.4;289.14;291.7;19262050
05/04/21;000000;290.8;291.48;287.07;288.78;35298970
06/04/21;000000;289;289.43;281.37;281.5;77497430
07/04/21;000000;281.66;284.29;278.54;283.98;74087530
08/04/21;000000;284.62;286.2;282.17;283.89;51161440
09/04/21;000000;283.44;283.79;280.09;281.07;40018040
12/04/21;000000;278.21;285.35;278;281.75;57020860
13/04/21;000000;282.9;288.2;281.14;287.95;67878750
14/04/21;000000;290;291.58;286.72;287.18;58993600
15/04/21;000000;281.5;285.19;280.87;283.72;87528200
16/04/21;000000;285.7;289.3;284.08;288.5;63355410
19/04/21;000000;287.9;289.25;286.04;287.72;51231790
20/04/21;000000;288.9;290.92;286.59;287.42;63069010
21/04/21;000000;288.04;290.2;287.06;289.25;49661560
22/04/21;000000;289.04;294.67;286.93;292.18;73621930
23/04/21;000000;293.16;294.2;290.78;293.19;42551750
26/04/21;000000;294.3;296.48;293.1;295.27;45676020
27/04/21;000000;295.74;300.25;295.61;298.5;62822260
28/04/21;000000;298.84;299.26;295.89;298.49;40549200
29/04/21;000000;301.05;301.84;294.79;297.1;56771630
30/04/21;000000;296.92;298.1;295.03;297.73;35662800
04/05/21;000000;298.7;304.23;298.2;303.7;60366580
05/05/21;000000;304.01;306.03;302.71;305.99;41550150
06/05/21;000000;306.29;314.98;306.25;314.72;62553900
07/05/21;000000;316.01;319.16;315.48;317.94;56349650
10/05/21;000000;318.27;320.19;314.31;320.19;59207110
11/05/21;000000;303.05;309.48;301;307.16;79006340
12/05/21;000000;307.4;309.24;302;302.02;56079760
13/05/21;000000;302.15;306.86;299.33;306.74;57632810
14/05/21;000000;308.2;308.24;302.33;304.1;26784400
17/05/21;000000;303.5;305.24;301.01;303.94;28344110
18/05/21;000000;305.04;306.62;303.33;305.78;35434660
19/05/21;000000;304.38;304.88;295.1;297;71633830
20/05/21;000000;297.94;298.37;293;296.72;58479500
21/05/21;000000;296.82;302.98;294.9;301.23;51370530
24/05/21;000000;302.05;304.75;299.59;300.7;30764260
25/05/21;000000;301.78;307.4;301.57;306.8;37526860
26/05/21;000000;307.81;309.5;305.33;307.01;35255410
27/05/21;000000;306.39;313.9;305.72;312.72;70727920
28/05/21;000000;313.3;314;309.06;309.56;35412970
31/05/21;000000;309.3;312.6;308.82;310.79;23651780
01/06/21;000000;312.6;314.17;310.03;311.6;37510420
02/06/21;000000;311.59;314;310.61;313.98;26981700
03/06/21;000000;314.8;315.71;309.87;312.41;34459100
04/06/21;000000;313;313;307.6;310.94;37077640
07/06/21;000000;310.03;316;308.57;315.53;40149880
08/06/21;000000;315.26;316.18;312.5;314.83;34909350
09/06/21;000000;315.01;315.9;312.9;314.78;25115980
10/06/21;000000;314.8;316.58;313.76;314.62;29201370
11/06/21;000000;314.88;315.08;312.5;313;21902100
14/06/21;000000;313.48;314.87;310.4;314.12;25494830
15/06/21;000000;314.13;315.6;312.4;312.51;29704890
16/06/21;000000;312.5;314.54;311.03;311.61;38224960
17/06/21;000000;311;315.42;310.46;313.9;44164540
18/06/21;000000;313.44;313.82;308.13;309.3;62327060
21/06/21;000000;308.45;310.4;306.56;310.4;36086020
22/06/21;000000;310.79;311.17;308.13;309.73;23511320
23/06/21;000000;310.4;312;308.69;309.79;24810790
24/06/21;000000;309.82;311.2;308.84;310;19708450
25/06/21;000000;310.41;312.5;309.82;311.81;22588790
28/06/21;000000;311.76;312.06;309.13;309.48;19409430
29/06/21;000000;308.7;309.23;303.66;306.1;33868700
30/06/21;000000;306.35;306.91;303.34;306.45;31492940
01/07/21;000000;306.19;307.35;305;305.78;19958090
02/07/21;000000;305.59;308.37;304.71;307.39;28893920
05/07/21;000000;307.81;308.11;304.8;307;16481560
06/07/21;000000;307.32;307.59;302.37;303.34;32667720
07/07/21;000000;303.56;306.2;302.85;304.06;22612920
08/07/21;000000;302.99;304.3;300.62;302.63;30696840
09/07/21;000000;302.71;304.1;301.22;303.56;20523480
12/07/21;000000;303.56;306.27;301.52;306.23;25280830
13/07/21;000000;306.85;307.22;302.11;303;21233230
14/07/21;000000;302.7;303.69;300.74;301.5;23920780
15/07/21;000000;301.19;303.5;299.77;301.72;21082200
16/07/21;000000;301.92;304.78;298.57;298.85;34532240
19/07/21;000000;298;298.36;290.03;291.46;41244150
20/07/21;000000;292.34;296.8;292.3;296.1;35564960
21/07/21;000000;296.01;296.94;293.54;294.86;17526680
22/07/21;000000;295.77;298.17;294.43;297.27;20319290
23/07/21;000000;297.5;298.69;295.04;296.38;14959920
26/07/21;000000;293.99;303.68;291.98;303.34;33887060
27/07/21;000000;302.66;304.59;299.38;299.71;38559430
28/07/21;000000;300.48;302.98;300;302.9;26896580
29/07/21;000000;304.14;305.27;303.03;303.12;27950010
30/07/21;000000;302.42;306.67;301.12;305.59;49522680
02/08/21;000000;306.31;308.63;306.06;306.51;31506510
03/08/21;000000;306.31;309.89;306.25;309.89;33788860
04/08/21;000000;310.26;312;309.25;311.1;30666580
05/08/21;000000;311.02;315.91;310.82;315.82;37290300
06/08/21;000000;316.1;320;315.31;319.15;54096400
09/08/21;000000;318.56;328.3;317.62;326.91;71958140
10/08/21;000000;328.05;331.29;326.97;330.11;41507840
11/08/21;000000;330.7;330.98;326.21;329.9;34418000
12/08/21;000000;330;330.64;327.3;328.57;20985080
13/08/21;000000;328.6;330.27;327.31;328.68;18758270
16/08/21;000000;327.56;330.52;327.13;329.36;23916510
17/08/21;000000;329;335.7;328.55;334.5;42463620
18/08/21;000000;336.05;338.99;333.26;334.9;36270350
19/08/21;000000;333.5;334;329.1;332.69;45936410
20/08/21;000000;332.2;333.27;325.17;325.67;36352850
23/08/21;000000;327.85;329.81;326.55;329.22;20539290
24/08/21;000000;330.37;331.22;323.32;324.83;35650540
25/08/21;000000;324.29;325.32;321.26;324.57;28071640
26/08/21;000000;324.03;325.55;320.58;322.54;27463480
27/08/21;000000;323.74;327.5;321.8;327.41;27792410
30/08/21;000000;328.42;329.38;326.51;328.28;20356090
31/08/21;000000;328.54;330.48;327.3;327.94;32440160
01/09/21;000000;328.87;334.64;328.03;334.57;30671130
02/09/21;000000;334.67;334.91;328.77;329;31562590
03/09/21;000000;329.47;330.53;326.62;329.71;29597400
06/09/21;000000;330;331.45;328.5;329.37;17467620
07/09/21;000000;329.82;330.73;324.64;325.96;24443360
08/09/21;000000;325.96;332.74;322.84;331.7;47818530
09/09/21;000000;330.4;330.4;325.69;326.01;29884250
10/09/21;000000;328.01;328.43;325.21;326.25;17390450
13/09/21;000000;327.02;328.14;324.01;327.41;24349520
14/09/21;000000;327.45;328.84;325.48;326.48;22491700
15/09/21;000000;326.46;334.6;326.46;333.51;43810600
16/09/21;000000;333.04;334.5;324.91;326.99;62479270
17/09/21;000000;326.9;331.73;325.7;329.56;54120880
20/09/21;000000;327.01;328.85;325;326.92;31671550
21/09/21;000000;328.44;329.48;322.39;323.25;47704160
22/09/21;000000;325.28;328.9;322.5;327.8;38085450
23/09/21;000000;328.94;329.4;325.13;327.02;27033650
24/09/21;000000;326.08;326.23;323.62;325.44;24552590
27/09/21;000000;326.32;332.46;326.09;331.68;34346920
28/09/21;000000;332.06;334.48;328.32;329.3;52511780
29/09/21;000000;329.09;330.45;327.15;328.43;27597990
30/09/21;000000;329.98;342.2;329.45;340.99;83549930
01/10/21;000000;339.21;339.94;336.08;338.48;37617680
04/10/21;000000;337.81;349.31;336.22;345.85;59987320
05/10/21;000000;346.79;365;344.9;363.2;86810410
06/10/21;000000;366;375.48;359.35;364.28;95588390
07/10/21;000000;367.69;374;365.88;368.93;49466740
08/10/21;000000;369.5;374.55;368;373.01;31010000
11/10/21;000000;375.05;388.11;375;387.6;66555950
12/10/21;000000;385.9;386.86;376.72;377.79;51365340
13/10/21;000000;378.7;380.91;370.81;378.8;54668150
14/10/21;000000;382.02;383.13;374.57;376.09;36290870
15/10/21;000000;377.5;378.41;370.43;371.82;37276570
18/10/21;000000;369.35;369.91;363.75;364.6;38112280
19/10/21;000000;365.68;373.4;361.5;373.18;40008020
20/10/21;000000;371.83;371.97;367.1;370.16;27515020
21/10/21;000000;368.2;371.14;363.2;364.6;24461840
22/10/21;000000;364.06;370.39;362.37;364.37;26322460
25/10/21;000000;366.19;371.7;361.68;369.99;35623260
26/10/21;000000;369.89;374.63;365.66;372.16;41746810
27/10/21;000000;371;374;366.51;371.36;36305740
28/10/21;000000;370.5;374.92;362.32;365.36;53785930
29/10/21;000000;364.33;364.33;352.68;356.14;53476690
01/11/21;000000;356.14;371.47;356.14;370.96;55120560
02/11/21;000000;370.98;374;367.2;370.7;37697650
03/11/21;000000;370;370.5;365.03;370.13;30833580
05/11/21;000000;366.98;367.56;358.5;360.21;39012570
08/11/21;000000;362.59;363.97;355.6;358.39;39658600
09/11/21;000000;358.41;364.58;355.6;357.44;41687090
10/11/21;000000;356.68;358.8;348;348.65;46528570
11/11/21;000000;350.14;357.89;347.22;356.24;42860130
12/11/21;000000;356.24;356.37;339.68;347.59;100664120
15/11/21;000000;348.67;352.8;342.76;344.39;59812240
16/11/21;000000;345.91;346.47;336.01;337.91;61959550
17/11/21;000000;338;343.57;336.6;339.89;49464380
18/11/21;000000;338.9;343.12;333.5;336.93;47108510
19/11/21;000000;339.37;339.99;325.7;327.56;66943180
22/11/21;000000;326.03;326.39;306.67;309.15;144324090
23/11/21;000000;306.28;327.01;300.1;326.84;144820750
24/11/21;000000;328;329.97;317.35;321.22;77871110
25/11/21;000000;322.37;322.96;316.11;317.29;44048010
26/11/21;000000;307.13;312;303.22;304.42;90384610
29/11/21;000000;311.14;322.15;309.42;316.57;82133140
30/11/21;000000;311;318.58;310.09;315;98128940
01/12/21;000000;321.35;329.44;319.51;324.4;69783520
02/12/21;000000;325.21;329;320.54;326.8;61404320
03/12/21;000000;327.6;328.95;318.4;320.66;43075790
06/12/21;000000;322;324.16;304.18;307.5;99674420
07/12/21;000000;307.5;313.03;300.5;309.79;154149090
08/12/21;000000;310.97;316.88;291.57;296.95;241030570
09/12/21;000000;297.49;304.94;292.5;300.4;133927110
10/12/21;000000;300.41;304.28;294.43;297.44;82043690
13/12/21;000000;298.28;300.99;280.08;280.64;146306320
14/12/21;000000;280.21;286.09;261.5;284.9;176473700
15/12/21;000000;285;287.79;279.44;286.65;87516430
16/12/21;000000;287.75;298.7;286.2;295.89;134776020
17/12/21;000000;295;296.73;291.61;294.9;109764650
20/12/21;000000;293.11;293.11;285.63;288.4;79622500
21/12/21;000000;289.8;293.4;286.76;291.7;64919700
22/12/21;000000;291.83;297.23;289.23;294;63855050
23/12/21;000000;294.68;298.1;291.26;292.8;55531330
24/12/21;000000;293;294.18;289;293.89;37669750
27/12/21;000000;294.79;296;293.37;295.68;35728530
28/12/21;000000;295.84;297.55;294.18;295;37853360
29/12/21;000000;295.05;295.55;291.33;293.51;37668260
30/12/21;000000;293.61;294.89;291.52;293.49;42566850
03/01/22;000000;295.9;305.5;294.34;305.47;50156260
04/01/22;000000;305.51;310.1;301.63;304.24;53268220
05/01/22;000000;303.56;304.26;287;287.01;70015940
06/01/22;000000;286.86;295.1;281;293.92;79329410
10/01/22;000000;295.53;298.88;288.68;291.69;67393720
11/01/22;000000;292.93;293.94;288.71;291.88;58894910
12/01/22;000000;292.5;292.92;285.05;290.4;81815210
13/01/22;000000;289.69;290.37;269.9;272.5;211547650
14/01/22;000000;272.39;277.98;249.2;261;406232780
17/01/22;000000;262.2;264.01;247;257.78;248613210
18/01/22;000000;258.8;259.39;228.09;234.7;484049150
19/01/22;000000;232.89;249;221.03;244.86;360884470
20/01/22;000000;244.12;263;240.01;254.61;329059220
21/01/22;000000;252.98;259.08;246;246.9;295614320
24/01/22;000000;246.51;249.88;226;236.97;325615680
25/01/22;000000;236.99;243.55;231;239.59;232503340
26/01/22;000000;240.06;245.17;233.3;236.9;224800440
27/01/22;000000;234.99;260;233.1;254.29;301187890
28/01/22;000000;255.86;262;252.02;257.82;204153960
31/01/22;000000;258.88;269.6;258.81;269.42;156087540
01/02/22;000000;269.71;273.1;260.56;264.7;170357700
02/02/22;000000;265.8;266.91;254.52;261;170198890
03/02/22;000000;258.45;259.87;250.06;250.79;151127560
04/02/22;000000;251.99;259.74;251.91;256.53;126990670
07/02/22;000000;257;260.53;253.52;257.61;85547520
08/02/22;000000;257.61;269.9;256.52;269.8;161498400
09/02/22;000000;270.01;279.71;270;279.09;193232800
10/02/22;000000;279.21;282.3;273.67;275.2;180119880
11/02/22;000000;274.88;275.87;259.61;260.83;213783420
14/02/22;000000;256.69;259.5;245.1;256.7;357398630
15/02/22;000000;257.6;274;257.51;274;271473810
16/02/22;000000;276.88;281;274.15;277.78;195684110
17/02/22;000000;277;277;259.36;260.58;262060710
18/02/22;000000;262.14;267;245;250.28;270538090
21/02/22;000000;249.12;258.32;184.3;201;1084339130
22/02/22;000000;198.72;219.9;182.03;208.53;945941710
24/02/22;000000;186.58;187.54;89.59;132.18;828329350
25/02/22;000000;123.75;152.89;115.11;131.12;396287150
24/03/22;000000;131;156.2;130.15;136.24;153705270
25/03/22;000000;137.1;147;128.2;131.5;57307510
28/03/22;000000;130.6;131.47;125;125;32756540
29/03/22;000000;126.19;137.57;122;128.77;72242360
30/03/22;000000;136.5;138.4;131.11;134.6;35411460
31/03/22;000000;135.2;147.41;134.52;143.69;118239240
01/04/22;000000;144.99;155.4;144.51;154.5;118603620
04/04/22;000000;158.76;166.88;150.2;166;115516920
05/04/22;000000;169.83;169.9;147.76;154.1;130008010
06/04/22;000000;143.52;153.3;140.65;141.6;108343440
07/04/22;000000;143.2;149.9;142.5;147.5;58520280
08/04/22;000000;149.01;151;141.06;143.72;48314240
11/04/22;000000;144.12;146.98;138.5;138.69;47482340
12/04/22;000000;138.84;140.1;130.35;135.38;75342120
13/04/22;000000;136.78;138.14;132.72;135.5;38947640
14/04/22;000000;135.7;135.89;129.05;129.05;44206040
15/04/22;000000;128.55;131.72;125.12;130.88;46693490
18/04/22;000000;131.45;132.68;123.7;123.85;58331430
19/04/22;000000;123.85;123.85;115.36;120.3;79797640
20/04/22;000000;120.9;125.44;117.51;121.5;66509740
21/04/22;000000;121.97;123.05;117.85;118.65;40607300
22/04/22;000000;118.69;122.32;115.55;116.97;57392470
25/04/22;000000;115.95;116.4;111.5;111.9;45714280
26/04/22;000000;112.58;124.92;111.9;122.36;83480680
27/04/22;000000;123.01;131.73;120.6;131.11;115400220
28/04/22;000000;132.14;134.5;123.05;123.85;123344490
29/04/22;000000;123.6;130;122.8;128.8;87296290
04/05/22;000000;129.1;131.5;122.5;123.2;67177440
05/05/22;000000;124.21;125.54;122.75;124.8;42303350
06/05/22;000000;124.74;124.99;121.52;123.1;30558900
11/05/22;000000;123.01;126.05;121.86;123.34;32776680
12/05/22;000000;123.1;123.74;118.05;119.15;30817890
13/05/22;000000;120.45;121.59;118.2;120.2;22762650
16/05/22;000000;120.7;123.5;119.5;123.41;34889180
17/05/22;000000;124.01;127.78;123.65;127.75;41838840
18/05/22;000000;128.2;131.3;125;125.12;55422410
19/05/22;000000;125.31;126.86;123.21;125.6;34146310
20/05/22;000000;126.07;127;121.05;122.2;39225870
23/05/22;000000;121.51;122.5;118.9;119.46;37711030
24/05/22;000000;119.45;125;117.1;123.6;45091260
25/05/22;000000;124.12;125.5;120.5;124.15;53466830
26/05/22;000000;124.81;125.99;122;123;51897210
27/05/22;000000;123.1;123.5;120.9;121.22;32523920
30/05/22;000000;121.6;123;120.21;120.67;24894090
31/05/22;000000;120;120;117.62;118.3;29907440
01/06/22;000000;117.5;122.69;117;121.97;43722390
02/06/22;000000;121.9;122.39;118.5;119;42732340
03/06/22;000000;119.29;120.16;117.18;119.21;34298730
06/06/22;000000;119.36;120.35;118.29;118.78;22191350
07/06/22;000000;118.65;118.9;117.32;118.32;22238300
08/06/22;000000;118.5;122.19;118.4;119.9;41488860
09/06/22;000000;120.06;120.2;117.7;118.2;29343850
10/06/22;000000;118.03;119.55;117.73;118.07;25343510
14/06/22;000000;118.04;119.88;115.8;118.98;37579410
15/06/22;000000;119.4;121.71;118.71;121.14;52145030
16/06/22;000000;121.5;123.73;120.41;123.73;47892000
17/06/22;000000;123.9;125.18;123.11;123.88;36503100
20/06/22;000000;124.05;131.5;123.6;131.29;65637580
21/06/22;000000;131.98;133.49;127.11;129.1;75189920
22/06/22;000000;127.88;133.21;126.03;133.11;67693510
23/06/22;000000;133.82;138.4;131.5;136.85;107981870
24/06/22;000000;137.19;138.3;135.21;137.76;45185200
27/06/22;000000;137.7;141.77;136.77;141.15;69806790
28/06/22;000000;141.76;142.35;138.5;139.99;54771750
29/06/22;000000;139.81;139.89;132.75;132.8;55124090
30/06/22;000000;132.5;135.44;123.55;125.2;91333370
01/07/22;000000;124.5;132;122.5;129.91;60560280
04/07/22;000000;129.1;132.8;127.16;131.43;47772880
05/07/22;000000;132;135.7;131.43;133.5;51576470
06/07/22;000000;133.43;137.1;132.5;134;47025990
07/07/22;000000;134.1;135.2;131.22;133.09;42980870
08/07/22;000000;133.16;133.98;130.9;133.3;27594700
11/07/22;000000;132.75;133.9;126.42;126.8;53657260
12/07/22;000000;126.6;129.35;124.2;129;57174340
13/07/22;000000;129.6;129.95;125.36;126;45871190
14/07/22;000000;125.95;128;124.61;125.9;41631700
15/07/22;000000;126.2;129.44;125.27;128.9;44919840
18/07/22;000000;130;130.64;127.25;128.11;35315600
19/07/22;000000;128;128.11;125.51;127.76;32335000
20/07/22;000000;128.12;129.2;126.16;126.44;34673960
21/07/22;000000;126.4;126.83;122.24;125.48;53582090
22/07/22;000000;125.52;129.1;125.03;128.82;46422190
25/07/22;000000;128.93;132;127.24;131.45;55831830
26/07/22;000000;132.04;133.9;131;132.9;50300050
27/07/22;000000;132.9;134.79;131.62;132.5;42456260
28/07/22;000000;133.01;133.49;130.1;131.72;40042950
29/07/22;000000;131.69;132.75;130.31;131.9;27767320
01/08/22;000000;131.77;131.77;127.34;127.34;44231460
02/08/22;000000;126.6;128.44;125.6;127.53;43884150
03/08/22;000000;128.06;129.15;126.27;126.85;30874750
04/08/22;000000;126.94;128.13;126.16;126.95;19529260
05/08/22;000000;127.5;127.58;122.24;122.4;61105370
08/08/22;000000;126.14;127.38;123.51;123.81;52606720
09/08/22;000000;123.9;126.5;122.3;126.4;37895140
10/08/22;000000;126.25;127.29;124.87;126.2;31865110
11/08/22;000000;126.88;126.97;123.07;123.45;30717890
12/08/22;000000;123.48;124.98;122.6;124.88;27133850
15/08/22;000000;124.6;125.7;123.28;125;25301550
16/08/22;000000;125.17;126.86;124.53;126.39;27210450
17/08/22;000000;126.57;127.44;124.5;124.5;32862470
18/08/22;000000;124.39;126.5;123.92;126.3;25365910
19/08/22;000000;126.35;126.36;124.72;125.2;18581110
22/08/22;000000;125.08;126.69;124.7;126.06;24420350
23/08/22;000000;126.06;130.49;126.01;130.38;65383170
24/08/22;000000;130.6;131.64;127.85;128.15;45722080
25/08/22;000000;128.18;129.81;127.1;128.18;35847360
26/08/22;000000;128.14;130.5;127.62;130.4;32857860
29/08/22;000000;130.12;131.4;129.52;131.17;40725660
30/08/22;000000;131.2;132.6;129.65;130.05;50972000
31/08/22;000000;132.3;138.34;131.5;134.25;106571380
01/09/22;000000;133.98;138.22;132.02;138.2;54786340
02/09/22;000000;138.75;144.9;136.22;143.8;136591640
05/09/22;000000;143.48;145.1;139.11;141;87387950
06/09/22;000000;140.9;141.07;135.22;137.23;86562180
07/09/22;000000;136.96;139.19;135.41;136.86;60616830
08/09/22;000000;136.68;137.4;134;134.51;57655660
09/09/22;000000;134.45;138.47;134.23;138.15;48925660
12/09/22;000000;137.12;140.37;136.8;138.7;52455460
13/09/22;000000;138.71;139.37;136.15;137;44533690
14/09/22;000000;136.7;139.29;135.2;138.9;62768230
15/09/22;000000;139.15;140.28;137.61;139.48;56215930
16/09/22;000000;139.38;141.39;136.8;137.73;71732740
19/09/22;000000;137.45;139.08;137.07;138.04;33202580
20/09/22;000000;137.86;138.35;122.42;125.1;208908480
21/09/22;000000;112.5;123.98;109.27;120.23;134746110
22/09/22;000000;120.35;126.95;120.35;124.31;117343820
23/09/22;000000;124.45;124.5;117.35;119.39;85382140
26/09/22;000000;114.99;117.99;105;107.06;147877290
27/09/22;000000;110;113.89;107.07;112.92;90733010
28/09/22;000000;112;115.2;109.13;111.06;77869660
29/09/22;000000;111.59;112.2;107.68;110.41;67451840
30/09/22;000000;110.9;113.4;103.4;110.21;133531450
03/10/22;000000;110.67;114.65;109;114.35;73873990
04/10/22;000000;115.05;115.5;110.3;110.55;83422320
05/10/22;000000;110.46;110.49;106.25;108.51;90327920
06/10/22;000000;108.65;110.38;107.57;108.24;51634990
07/10/22;000000;107.72;108.48;101.3;101.5;90940030
10/10/22;000000;96.55;106.77;96.5;106.71;116896490
11/10/22;000000;106.55;108.3;104.26;107.72;76867120
12/10/22;000000;108.27;108.5;105.25;105.9;63331750
13/10/22;000000;105.7;107.3;104.8;106.5;46813160
14/10/22;000000;106.93;109.19;105.69;107.78;52538120
17/10/22;000000;107.99;112.76;107.65;112.44;78420110
18/10/22;000000;113.05;114.37;110.48;110.88;101627180
19/10/22;000000;110.2;112.93;109.3;112.39;90574840
20/10/22;000000;112.76;117.2;112.37;116.98;100612540
21/10/22;000000;116.93;119.94;114.37;119.45;102297020
24/10/22;000000;120.15;121.68;117.65;118.8;74327210
25/10/22;000000;118.86;125.2;118.3;124.36;114126120
26/10/22;000000;124.71;126.88;122.1;124.43;108350490
27/10/22;000000;124.75;127.5;123.68;126.61;87825200
28/10/22;000000;126.13;127.25;124.6;126.97;73494940
31/10/22;000000;127.2;128.6;125.41;126.72;60649080
01/11/22;000000;127.23;127.97;126.12;127.05;36720430
02/11/22;000000;127.05;127.74;123.75;125.49;40156380
03/11/22;000000;125.39;126.1;123.91;125.75;47535720
07/11/22;000000;127.02;132;126.5;132;91496790
08/11/22;000000;131.99;133.11;130.1;131.29;69371580
09/11/22;000000;131.06;131.47;126.42;127.3;64832870
10/11/22;000000;131.02;136.69;129.77;136.68;170890500
11/11/22;000000;137.71;138.42;135.13;136.98;75278900
14/11/22;000000;137.41;140.7;135.83;139.8;82383460
15/11/22;000000;140.4;141;130.86;135.66;145273030
16/11/22;000000;136.99;139.73;136.32;139.18;66816110
17/11/22;000000;139.11;140.35;136.6;137.57;59085810
18/11/22;000000;137.1;137.81;135.84;136.89;44009880
21/11/22;000000;136.01;136.3;132.51;134.46;83395500
22/11/22;000000;134.55;136;133.81;135.65;45774100
23/11/22;000000;135.7;137.55;134.5;136.59;52259060
24/11/22;000000;137;138.41;136.12;136.61;42319840
25/11/22;000000;137.2;137.24;135.41;136.53;29248180
28/11/22;000000;135.01;136.2;134.1;135.53;45047440
29/11/22;000000;136.29;137.2;135.88;136.37;31503750
30/11/22;000000;136.51;136.78;135.23;136.78;26797760
01/12/22;000000;137.11;137.95;136.31;137.15;32859350
02/12/22;000000;136.98;137.1;136.17;136.66;19212600
05/12/22;000000;136.66;142.68;136.25;142;103887240
06/12/22;000000;142.2;143.37;139.11;140.61;51734090
07/12/22;000000;140.5;142.81;138.36;142.32;69817930
08/12/22;000000;143.5;143.6;139.8;139.92;63554380
09/12/22;000000;139.7;140.7;139.24;140.03;29390220
12/12/22;000000;140.19;140.87;138.7;139.48;33347970
13/12/22;000000;139.65;139.93;136.67;138.13;52159500
14/12/22;000000;138.25;138.25;136.6;137.3;34031240
15/12/22;000000;136.97;137.08;134.3;134.55;54698540
16/12/22;000000;134.5;136.09;134.13;135.45;32731270
19/12/22;000000;135.13;136.73;132.86;134.64;58784640
20/12/22;000000;134.51;138.4;134.41;138.28;44987710
21/12/22;000000;138.7;139.12;135.81;137.75;45361520
22/12/22;000000;137.99;138.97;137;137.69;30488490
23/12/22;000000;137.49;138.26;136.81;137.94;22816280
26/12/22;000000;138.34;141;138;140.95;49323760
27/12/22;000000;141.31;142;139.6;139.9;41507480
28/12/22;000000;139.79;140.4;138.6;139.51;27937090
29/12/22;000000;139.5;141.65;139.22;140.96;32029570
30/12/22;000000;140.84;141.48;140.13;141.15;28072880
03/01/23;000000;141.6;143.25;141.56;141.78;21027110
04/01/23;000000;141.84;142.28;140.75;141.43;17094250
05/01/23;000000;141.6;141.84;140.54;141.27;17236330
06/01/23;000000;141.35;141.62;140.9;141.4;10647380
09/01/23;000000;141.84;142.99;141.65;142.4;31314900
10/01/23;000000;142.11;142.85;141.31;142.81;23691190
11/01/23;000000;142.97;149.98;142.87;149.96;123046960
12/01/23;000000;150.05;150.79;148.39;149.3;46557290
13/01/23;000000;149.57;153.28;147.71;151.69;88460580
16/01/23;000000;152.85;154;151.88;153.71;51527810
17/01/23;000000;153.97;154.31;150.01;150.45;84226560
18/01/23;000000;150.4;153;149.41;151.47;67364580
19/01/23;000000;151.2;152.85;148.56;149.34;66640910
20/01/23;000000;149.7;151.4;148.64;151.38;44165570
23/01/23;000000;151.9;154.1;151.01;153.5;55100140
24/01/23;000000;153.94;155.58;152.28;152.66;78662030
25/01/23;000000;152.45;153.6;151.5;152.81;43317800
26/01/23;000000;153.32;154.3;151.73;152.4;45375340
27/01/23;000000;152.4;153.48;151.69;153.2;34069080
30/01/23;000000;153.5;153.88;152.21;153.38;31014210
31/01/23;000000;153.51;158.18;153.3;158.07;77840320
01/02/23;000000;158.2;159.6;156.5;158.29;66229060
02/02/23;000000;158.39;160.29;157.37;159.45;53822290
03/02/23;000000;159.09;162.32;157.88;161.26;63595690
06/02/23;000000;161.71;167.17;161.01;167.09;88885050
07/02/23;000000;167.3;168.7;163.4;165.39;92561690
08/02/23;000000;165.1;166.35;162.7;164.15;58565870
09/02/23;000000;164.35;167.47;161.27;165.31;107000260
10/02/23;000000;165;166.49;164.5;165.52;40772540
13/02/23;000000;165.21;166.88;164.17;164.32;36134650
14/02/23;000000;164.3;164.38;161.64;161.86;58676770
15/02/23;000000;160.93;161.12;153.83;156.25;113600860
16/02/23;000000;157.34;159.3;156.25;158.22;68386460
17/02/23;000000;157.95;160.38;156.91;159.73;51777410
20/02/23;000000;159.42;161.3;156.73;160.09;63810790
21/02/23;000000;160.64;165.65;159.26;164.15;127324000
22/02/23;000000;164.13;164.42;162.5;163.37;43695690
24/02/23;000000;163.33;165.5;163.1;164.3;37700530
27/02/23;000000;163.64;170;162.96;169.95;100005170
28/02/23;000000;170.48;171.92;168.37;169.82;80540860
01/03/23;000000;170.4;171.66;169.5;170.53;53655680
02/03/23;000000;170.4;170.4;166.55;168.05;86014000
03/03/23;000000;168.2;171.26;167.9;171.16;49424990
06/03/23;000000;172.13;172.99;171.35;171.84;64237540
07/03/23;000000;171.87;174.2;171;174.01;55231190
09/03/23;000000;174.85;174.89;172.21;172.55;79748090
10/03/23;000000;171.71;173;170.58;172.53;49778720
13/03/23;000000;172.53;173.9;169.26;172.15;73298080
14/03/23;000000;171.65;176.95;171.01;175.71;89212040
15/03/23;000000;176;177.37;173.59;175.3;79838900
16/03/23;000000;174.9;176.04;173.36;175.45;51345380
17/03/23;000000;183.02;193.66;178.56;193.59;384905230
20/03/23;000000;196.03;205.09;195;203.73;155827740
21/03/23;000000;204.75;208;201.25;203.32;122268990
22/03/23;000000;203.41;204.4;201.59;202.89;57464560
23/03/23;000000;202.55;204.2;202.22;202.58;26484020
24/03/23;000000;202.85;203.85;202;203.57;24297290
27/03/23;000000;204.02;213.2;204.01;211.84;101348890
28/03/23;000000;212.85;214.7;210.67;214.03;73669280
29/03/23;000000;214.86;219.53;213.6;217.99;96549640
30/03/23;000000;217.34;218.45;216.12;216.87;40737550
31/03/23;000000;217.2;217.35;211.3;216.6;88023190
03/04/23;000000;218.45;219.44;214.8;216.09;54788980
04/04/23;000000;216.2;217.29;213.8;214.83;45747250
05/04/23;000000;214.69;216.3;211.4;216.15;46127960
06/04/23;000000;216.3;217.38;214.07;214.25;38993420
07/04/23;000000;214.5;216.39;213.65;216.27;29157060
10/04/23;000000;217.1;222.26;216.61;222.21;84958930
11/04/23;000000;222.9;223.33;217.62;218.6;98349200
12/04/23;000000;218.62;219.7;216.67;219.22;44633200
13/04/23;000000;219.41;220.89;218;219.85;32580550
14/04/23;000000;219.99;222.5;218.51;221.87;43248810
17/04/23;000000;222.97;228.2;222.91;228.1;78562510
18/04/23;000000;227.89;232.76;227.05;232.66;97459980
19/04/23;000000;232.67;237.37;231.1;232.95;115494020
20/04/23;000000;233.32;236.47;229.84;236.28;85046740
21/04/23;000000;237.4;238.85;233.52;235.17;115606560
24/04/23;000000;235.09;236.4;234.1;235.1;30405040
25/04/23;000000;235.16;235.82;234.21;235.3;32063750
26/04/23;000000;235.55;235.95;234.91;235.21;24351620
27/04/23;000000;235.51;240.74;235.13;240.38;68224840
28/04/23;000000;240.86;241.58;237.66;240.38;49494960
02/05/23;000000;242.2;245;237.4;242.62;83246880
03/05/23;000000;242.85;242.99;234;235.77;76740930
04/05/23;000000;236.51;239.74;236.05;238.89;53006840
05/05/23;000000;239.19;240.66;237.3;237.7;61314710
08/05/23;000000;238.65;239.86;237.36;238.27;47676110
10/05/23;000000;216.51;227.5;215.7;227.06;154134860
11/05/23;000000;228.57;235.38;223.94;229.32;197037380
12/05/23;000000;231.05;232.47;226.15;229.29;69831820
15/05/23;000000;230.54;231.75;228.52;231.7;48873370
16/05/23;000000;232.4;232.86;229.57;230.62;36429340
17/05/23;000000;229.86;230.97;228.75;230.55;31635370
18/05/23;000000;231.72;234.49;230.72;231.7;55909060
19/05/23;000000;230.98;232.3;229.81;231.27;31540330
22/05/23;000000;232.2;232.78;230;231;26351890
23/05/23;000000;231.24;237.29;230.21;236.43;62996030
24/05/23;000000;237.49;246.13;236.26;246.06;85850770
25/05/23;000000;246.11;247.4;242.65;243.76;70582820
26/05/23;000000;243.49;249.64;242.81;248.1;69113640
29/05/23;000000;249.77;252.59;248.85;251.18;67591330
30/05/23;000000;248.84;250.85;243.8;244.65;82871290
31/05/23;000000;244;247.18;240.27;246.17;72797140
01/06/23;000000;247;247;240.57;241.66;51897410
02/06/23;000000;242.01;245.5;240.77;243.95;46465000
05/06/23;000000;243.51;244.15;235.1;237.12;78650640
06/06/23;000000;236;242.1;232.54;240.91;100337100
07/06/23;000000;241.23;244.39;238.56;241.25;63082450
08/06/23;000000;241.3;242.78;239.55;241.77;29851820
09/06/23;000000;242.79;243;240.11;240.4;27458600
13/06/23;000000;241.51;244.5;240.63;244.33;40478120
14/06/23;000000;245.7;247.68;242.8;244.6;51810860
15/06/23;000000;245.12;245.94;243.22;245.18;40015310
16/06/23;000000;245.5;245.9;243.7;243.87;23311220
19/06/23;000000;244.46;244.69;241.32;242.28;29777860
20/06/23;000000;241.95;242.22;238.82;241.74;36578050
21/06/23;000000;241.9;243.92;240.6;242.2;26644780
22/06/23;000000;242.1;242.8;240.13;240.66;23093570
23/06/23;000000;239.96;240.99;234.34;235.67;61661860
26/06/23;000000;239.6;240.5;233.4;238.4;81032100
27/06/23;000000;239.02;242.34;236.8;241.21;51321260
28/06/23;000000;241.8;241.8;238.6;239.67;28217550
29/06/23;000000;239.75;241.26;239.02;239.99;28077670
30/06/23;000000;240;240.68;238.36;239.61;24011230
03/07/23;000000;240;244.56;239.15;243.33;47207170
04/07/23;000000;243.45;243.78;240.61;240.7;41487820
05/07/23;000000;241.48;241.9;240.24;240.95;19841190
06/07/23;000000;241.45;242.47;240.71;240.96;23175870
07/07/23;000000;241.2;243.75;240.7;243.67;30201090
10/07/23;000000;244.22;249.45;244.2;249.4;64946220
11/07/23;000000;250.02;250.2;246.51;247.99;49073930
12/07/23;000000;248.39;249.2;246.1;247.52;39166310
13/07/23;000000;247.96;248.15;245.34;246.19;29474970
14/07/23;000000;246.3;247.05;244.51;246.45;25576610
17/07/23;000000;244.76;246.2;243.6;245.39;35730950
18/07/23;000000;245.6;247.5;245.26;246.77;35911790
19/07/23;000000;247.21;248.1;245;245.85;31394740
20/07/23;000000;246.25;246.25;242.15;242.7;35960520
21/07/23;000000;243.17;244.53;241.7;244.13;32120690
24/07/23;000000;243.99;245.85;243.52;244.87;19681330
25/07/23;000000;245.37;247.77;244.81;247.2;39683790
26/07/23;000000;247.22;248.33;245.9;247.05;26031980
27/07/23;000000;247.51;249.3;247.24;247.95;39756100
28/07/23;000000;247.99;249.45;246.67;249.25;35742280
31/07/23;000000;251.35;267.77;251.35;267.4;167081570
01/08/23;000000;268.98;273.35;264.1;268.5;162474350
02/08/23;000000;268.53;269.97;266.52;268.57;48208590
03/08/23;000000;269.01;271.35;266.8;269.11;75376240
04/08/23;000000;269.48;272.96;261.21;264.12;132164900
07/08/23;000000;266.5;268.09;260.5;261.92;61223950
08/08/23;000000;261.91;265.44;258.8;264.62;65005790
09/08/23;000000;265.46;265.8;263.05;263.91;34850720
10/08/23;000000;264.72;267.5;263.96;266.91;37190100
11/08/23;000000;267.2;267.4;264.8;266.23;24716230
14/08/23;000000;267.37;268.77;259.15;260.45;86583040
15/08/23;000000;259.1;264.17;256.63;260.42;58967150
16/08/23;000000;261.29;261.68;254.33;256.02;71737910
17/08/23;000000;257.19;258.8;255.5;258.5;35682720
18/08/23;000000;258.39;261.37;257.35;261.14;30973320
21/08/23;000000;262.33;263.06;259.51;261.15;35622200
22/08/23;000000;261.9;262.11;259.81;261.45;25893210
23/08/23;000000;261.55;261.83;256;256.4;53079140
24/08/23;000000;257.62;259.94;256.4;259.63;26823420
25/08/23;000000;258.8;261.6;257.61;260.5;28518670
28/08/23;000000;261.25;267.83;260.81;266.93;57849930
29/08/23;000000;266.62;267.56;265.14;265.68;35291820
30/08/23;000000;265.73;267.36;263.1;264.7;38578950
31/08/23;000000;265.05;266.25;264.3;264.85;22557030
01/09/23;000000;265.4;265.62;264.06;265;19248500
04/09/23;000000;266.5;269.11;266;267.39;47933710
05/09/23;000000;266.97;267.98;261.09;264.75;39642920
06/09/23;000000;264.33;264.68;262.31;263.5;28244090
07/09/23;000000;263.52;264.97;256.1;258.79;67608570
08/09/23;000000;258.45;259.33;253.1;255.68;49455340
11/09/23;000000;257;258.37;255.16;256.25;43042300
12/09/23;000000;257.69;262.4;257.09;262.4;45008650
13/09/23;000000;262.38;262.77;257.59;258.18;29971320
14/09/23;000000;258.85;261.38;255.02;260;46153720
15/09/23;000000;259.8;262.74;258.56;260.83;35455920
18/09/23;000000;262.06;263;258.76;259.07;28891500
19/09/23;000000;258.93;259.32;251.5;252.72;89480280
20/09/23;000000;252.81;255.47;249.82;253.77;66610520
21/09/23;000000;252.94;254.2;249.81;250.16;58854870
22/09/23;000000;249.85;253.1;248.62;251.99;40406630
25/09/23;000000;252.11;253.49;249.83;252.65;31834270
26/09/23;000000;252.2;257.17;250.9;255.87;42923170
27/09/23;000000;256.26;257.85;254.63;256.1;27795730
28/09/23;000000;256.22;258.25;255.5;257.67;26289900
29/09/23;000000;257.99;262.59;256.71;260.72;68503050
02/10/23;000000;261.38;261.92;257.03;258.98;35447350
03/10/23;000000;258.99;260.5;257.23;259.65;23815150
04/10/23;000000;259;260.39;258.24;259.53;18510890
05/10/23;000000;260.71;261.39;258.26;259.38;23254560
06/10/23;000000;259.77;263.4;257.86;262.93;31980230
09/10/23;000000;263.02;265.97;263;265.25;45189600
10/10/23;000000;264.9;265.18;257;263;33744090
11/10/23;000000;263.18;263.99;259.5;260.21;29440350
12/10/23;000000;260.03;264.5;259.66;264.5;27421510
13/10/23;000000;264.75;265.04;262.7;263.51;18351530
16/10/23;000000;263.99;269.2;263.51;268.15;53677710
17/10/23;000000;268.25;271.97;266.91;270;51107660
18/10/23;000000;270;271.19;266.11;267.9;40249640
19/10/23;000000;267.14;271;266.28;268.65;33466930
20/10/23;000000;268.5;270.3;266.5;269.8;32851790
23/10/23;000000;270.47;274.1;269.65;270.1;62301840
24/10/23;000000;270.03;272.06;268.62;271.27;27975250
25/10/23;000000;271.5;274.96;270.53;273.73;41764060
26/10/23;000000;274.1;276;269.12;269.9;59466100
27/10/23;000000;270;271.98;266.8;269.7;49735190
30/10/23;000000;269.9;271.55;268.6;269.89;33261680
31/10/23;000000;269.91;270.5;266.87;268.35;26117980
01/11/23;000000;268.29;270.3;267.6;269.68;20587810
02/11/23;000000;270.01;270.98;268.5;269.06;25499750
03/11/23;000000;269.07;269.78;267.2;268.54;20968810
06/11/23;000000;269;273.87;268.62;273.42;29231770
07/11/23;000000;273.08;274.78;272.2;273.31;32183320
08/11/23;000000;273.53;278.35;273.28;278.15;58000060
09/11/23;000000;278.6;278.85;276.02;276.65;28258660
10/11/23;000000;276.99;281.3;276.6;280.19;44600220
13/11/23;000000;280.4;284.8;280.32;283.97;45780320
14/11/23;000000;283.66;283.88;280.54;280.87;40350240
15/11/23;000000;280.87;283.93;278.51;282.89;41784490
16/11/23;000000;282.4;283.69;279.56;279.7;24654700
17/11/23;000000;279.69;282.5;278.66;281.6;31282610
20/11/23;000000;281.8;284.2;281.61;282.91;25219810
21/11/23;000000;282.29;283.82;281.66;282.79;19027720
22/11/23;000000;283.14;286.67;282.85;286.16;47267490
23/11/23;000000;286.16;287.77;285.04;286.19;27692900
24/11/23;000000;286.48;287.5;285.11;286.85;26019540
27/11/23;000000;287.41;289;278.88;282.33;79026910
28/11/23;000000;282.4;282.51;277.32;279.91;45475110
29/11/23;000000;279.48;280.56;276.2;276.8;29776060
30/11/23;000000;276.71;278.65;272.75;277.5;55837620
01/12/23;000000;277.04;277.98;273.55;273.97;31604310
04/12/23;000000;273.59;274.95;270.52;270.96;37456310
05/12/23;000000;271.97;279.65;270.54;279.62;46800410
06/12/23;000000;279.92;280.79;266.83;267.58;99849690
07/12/23;000000;267.74;270.44;263.06;265.12;63509590
08/12/23;000000;266.01;268.23;263.72;265.16;35322130
11/12/23;000000;265.17;266.47;254.81;256.89;77590450
12/12/23;000000;256.79;262.88;255.05;257.6;63807080
13/12/23;000000;257.58;261.39;256.5;260.45;29760860
14/12/23;000000;261.4;262.75;255.58;256.64;40477500
15/12/23;000000;256.61;268.91;256.61;268.21;84643800
18/12/23;000000;268.9;270.44;266.54;268.4;51515190
19/12/23;000000;268.35;269.71;265;267.35;38229660
20/12/23;000000;267.52;269.1;266.2;266.61;30929220
21/12/23;000000;266.55;266.87;263.5;265.19;33214370
22/12/23;000000;266.07;271.9;265.37;271.3;58687300
25/12/23;000000;271.75;273.85;270.05;271.08;37827910
26/12/23;000000;271;272.89;270;271.9;22575240
27/12/23;000000;271.9;272.59;270.85;271.08;17191450
28/12/23;000000;270.99;272.48;268.52;271.74;29416450
29/12/23;000000;272.08;272.59;270.55;270.82;20792860
03/01/24;000000;271.75;274.7;271;274.56;20408560
04/01/24;000000;274.68;275.48;273.7;274.12;11679550
05/01/24;000000;274.3;274.69;272.8;273.62;9622380
08/01/24;000000;273.59;277;273.53;276.76;21427450
09/01/24;000000;276.94;278;274.71;275.28;20263120
10/01/24;000000;275.3;276.16;273.64;274.49;20618950
11/01/24;000000;274.62;275.97;274.01;275.71;19520470
12/01/24;000000;275.9;276.96;274.77;275.84;17608350
15/01/24;000000;276.3;277.73;275.21;275.96;21283290
16/01/24;000000;276.24;276.45;274.1;276.01;16084140
17/01/24;000000;276.02;279.17;275.75;278;34137100
18/01/24;000000;278.22;278.87;276.76;277.07;17671830
19/01/24;000000;277.39;277.47;273.55;274.86;28038880
22/01/24;000000;274.89;275.9;273.85;274.93;15050630
23/01/24;000000;274.69;277.26;274.31;275.9;20017040
24/01/24;000000;275.94;276.44;273.7;273.77;20187430
25/01/24;000000;274.03;274.18;271.55;272.81;24422490
26/01/24;000000;273.1;273.72;272.21;272.65;11102660
29/01/24;000000;273.05;274.95;272.7;274.05;17043130
30/01/24;000000;274.05;277.25;273.97;275.67;27222730
31/01/24;000000;275.8;276.45;275;276;12527800
01/02/24;000000;276.07;277.75;275.93;276.86;15941680
02/02/24;000000;277.01;277.3;276;276.74;12688460
05/02/24;000000;276.94;278.57;276.9;277.84;16017040
06/02/24;000000;278;278.99;277.3;278.67;15925370
07/02/24;000000;278.81;284.5;278.81;284.41;45347300
08/02/24;000000;284.56;286.24;281.25;282.17;44060410
09/02/24;000000;282.16;284;281.5;283.5;24301430
12/02/24;000000;283.67;287.84;283.5;287.28;33867350
13/02/24;000000;287.52;289;285.4;287.07;33266090
14/02/24;000000;287.08;290.6;286.84;289.06;35814960
15/02/24;000000;289.26;290.45;287.63;290.24;25888540
16/02/24;000000;290.47;292.3;286.25;288.33;53426930
19/02/24;000000;288.59;289.98;287.07;288.93;24275510
20/02/24;000000;289.23;289.28;283.29;283.9;44931560
21/02/24;000000;283.91;285.28;280.2;282;48809450
22/02/24;000000;282.24;285.05;282.1;284.77;25107350
26/02/24;000000;288.52;291.3;287;291.25;42606720
27/02/24;000000;291.34;293;290.55;292.52;32411030
28/02/24;000000;292.61;293.95;289.75;291.75;49212360
29/02/24;000000;292.3;293.2;291.3;292.19;22398680
01/03/24;000000;292.21;295.88;292.21;295.38;27050460
04/03/24;000000;295.8;299.5;295.8;299.17;40526260
05/03/24;000000;299.32;300.41;297.57;298.4;41691010
06/03/24;000000;298.19;299.33;296.82;297.71;17675740
07/03/24;000000;297.72;300.58;297.24;300.4;21933870
11/03/24;000000;300.99;302.95;298.5;299.79;41634000
12/03/24;000000;299.54;301.07;297.34;300.9;28579520
13/03/24;000000;301.2;301.49;298.7;298.85;23980400
14/03/24;000000;298.47;298.7;295.14;295.83;42076250
15/03/24;000000;295.75;299.44;295.29;298.3;26002750
18/03/24;000000;299.41;299.98;297.63;298.87;20213950
19/03/24;000000;298.3;299.4;294.21;295.2;59646690
20/03/24;000000;295.4;296.88;293.52;295.4;30646650
21/03/24;000000;295.95;297.3;291.8;295.62;70581560
22/03/24;000000;295.77;296.79;291.05;292.99;48966360
25/03/24;000000;294;294.93;292.13;293.9;25449910
26/03/24;000000;294.44;295.82;293.04;294.11;16268420
27/03/24;000000;294.45;295.11;293.47;295.1;14531720
28/03/24;000000;295.51;299.3;295.51;299;33617440
29/03/24;000000;299.37;299.5;298;298.72;17644190
01/04/24;000000;299.99;301.65;299.5;300.43;28378290
02/04/24;000000;300.42;300.99;298.95;300.38;19900790
03/04/24;000000;300.39;307.13;300.17;306.72;58210390
04/04/24;000000;306.8;307.77;304.36;304.61;29046010
05/04/24;000000;304.65;306.5;303.7;306.1;19315070
08/04/24;000000;306.5;308.6;306.22;307.75;24816860
09/04/24;000000;308.1;309.35;305.51;306.76;31960600
10/04/24;000000;306.76;307.14;304.62;306.48;20618060
11/04/24;000000;306.64;308;305.7;306.95;20511760
12/04/24;000000;307.41;307.87;306.3;307.1;16001210
15/04/24;000000;307.4;308.39;306.64;307.99;20711610
16/04/24;000000;308;308.65;307;308.29;17030710
17/04/24;000000;308.64;309.74;305.91;306.59;28070320
18/04/24;000000;306.02;308.29;305.05;307.99;20296500
19/04/24;000000;308.02;308.38;306.8;307.38;14563250
22/04/24;000000;307.99;315;307.38;314.99;68916500
23/04/24;000000;315.3;315.79;306.26;307.39;92606890
24/04/24;000000;307.52;309.79;306.65;307.94;26515970
25/04/24;000000;307.96;309.07;307.45;308.41;15934990
26/04/24;000000;308.5;309.9;308;309;21126710
27/04/24;000000;309.2;309.99;308.7;308.98;13089900
29/04/24;000000;309.13;309.6;307.65;308.97;10004910
30/04/24;000000;309.19;309.49;308.03;308.24;5969290
02/05/24;000000;308.71;309.19;306.8;307.37;16246440
03/05/24;000000;307.16;308.29;304.34;307.53;30440790
06/05/24;000000;308.08;308.09;305.55;306.01;19100370
07/05/24;000000;306.25;308.87;306.21;308.22;16606530
08/05/24;000000;308.41;311.83;308.08;311.21;33875380
10/05/24;000000;311.49;313.5;311.31;313.49;16675700
13/05/24;000000;314.1;315.7;314.04;314.85;21503920
14/05/24;000000;314.98;318.41;313.58;318.12;35181520
15/05/24;000000;318.2;320.16;317.7;319.7;28195960
16/05/24;000000;320.01;322.91;320;322.91;27790120
17/05/24;000000;322.95;323.5;320.02;323.16;24321350
20/05/24;000000;324;324.85;318.94;321.08;36547050
21/05/24;000000;320.89;322.23;318;320.64;33999260
22/05/24;000000;320.84;323.1;320.84;322.93;18635350
23/05/24;000000;322.8;324;321.23;323.54;17835590
24/05/24;000000;323.83;324.48;319.78;321;26553810
27/05/24;000000;321.08;321.95;315.5;317.09;45678990
28/05/24;000000;317.49;320.9;315.82;318.22;30148450
29/05/24;000000;318.4;320.4;315.92;320.38;22961680
30/05/24;000000;320.91;321.55;316;316.63;26931430
31/05/24;000000;316.5;318.49;309.8;313.11;49135220
03/06/24;000000;313.5;315.5;305;310.95;61756350
04/06/24;000000;310.97;316.5;308.8;316.49;33007760
05/06/24;000000;316.63;318.28;313.85;314.72;27769570
06/06/24;000000;314.7;316.45;311.15;313.08;28304600
07/06/24;000000;313.61;320.64;312.73;319.9;44451740
10/06/24;000000;320.79;321.98;315.21;317.28;26271510
11/06/24;000000;317.5;319.84;315.88;317.8;20045280
13/06/24;000000;305.83;317.82;304.14;317.71;40596660
14/06/24;000000;317.8;320.7;316.2;319.35;21471310
17/06/24;000000;320;320.45;316.85;317.65;15421940
18/06/24;000000;317.65;318;313.02;314.34;21995830
19/06/24;000000;314.38;314.78;307.51;310.7;42166660
20/06/24;000000;310.71;314.72;306.02;314.15;72766890
21/06/24;000000;314.9;316;312.6;314.14;29078260
24/06/24;000000;314.57;319;314.14;317.25;29541850
25/06/24;000000;317.42;319.89;316.28;319.8;25961320
26/06/24;000000;320.1;324.56;319.8;324.55;42419730
27/06/24;000000;324.8;327.83;322.63;327.16;46744210
28/06/24;000000;327.83;329.3;325.8;327.15;40401840
01/07/24;000000;327.68;329;326.25;327.1;31651010
02/07/24;000000;327.3;328.87;326.82;328.37;21147250
03/07/24;000000;328.6;330.45;327;328.2;32149800
04/07/24;000000;328.37;329.57;323.81;324.66;40717120
05/07/24;000000;324.72;327;321.01;325;40395560
08/07/24;000000;325.76;327.44;323.74;324.07;27707420
09/07/24;000000;324.32;325.33;317.5;319.99;54117710
10/07/24;000000;319.01;320.3;314.3;316.68;88434130
11/07/24;000000;289.96;296.98;285.22;295.87;163673770
12/07/24;000000;296.01;297.48;290.97;292.21;49886960
15/07/24;000000;292.93;293.86;283.5;284.38;58676410
16/07/24;000000;284.49;285.69;276.7;285.25;82828490
17/07/24;000000;285.84;289.96;283.23;284.68;42767400
18/07/24;000000;284.69;289.99;282.73;289.83;34064140
19/07/24;000000;290.67;292.58;289.2;289.9;30979970
22/07/24;000000;291;294.95;291;294.71;33311040
23/07/24;000000;295.45;295.48;293.36;294.39;22093540
24/07/24;000000;294.38;296.67;293.2;295.69;24544600
25/07/24;000000;295.7;297.3;294.2;296.37;22844710
26/07/24;000000;296.4;300;292.67;293.3;84884940
29/07/24;000000;292.94;292.94;286;286.58;52219730
30/07/24;000000;286.5;291.99;284.32;290;42534130
31/07/24;000000;290.46;291.2;288.01;289.3;25920100
01/08/24;000000;289.75;290.69;287.04;287.21;18623090
02/08/24;000000;287.21;287.99;284.37;286.04;30076980
05/08/24;000000;282.79;283.46;275.17;275.49;81937270
06/08/24;000000;277.02;281.16;276.35;279.4;43202810
07/08/24;000000;280.01;283.27;277.21;282.2;48382920
08/08/24;000000;283.25;285.42;280;281.09;42244110
09/08/24;000000;280.98;282.67;279.62;281.44;22241490
12/08/24;000000;280.17;281.5;278.03;280.74;27637540
13/08/24;000000;281.05;284.33;280.42;283.92;24020180
14/08/24;000000;284.2;284.7;280.12;280.32;21714850
15/08/24;000000;280.62;280.85;276.73;278.01;28609160
16/08/24;000000;278.06;279;274.32;274.6;26162430
19/08/24;000000;275.08;275.56;265.02;268.17;68554390
20/08/24;000000;268.35;269.49;263.36;266.2;54188810
21/08/24;000000;266.16;267.8;263.86;266.93;37082330
22/08/24;000000;266.93;268.5;260.15;261.6;47832270
23/08/24;000000;261.7;262.8;255.56;259.5;76692590
26/08/24;000000;263.55;266.95;261.54;265.39;49740810
27/08/24;000000;265.82;266.07;259.82;260.5;32322390
28/08/24;000000;259.9;262.47;254.99;262.47;47819940
29/08/24;000000;262.59;264.19;258.36;260.31;34789950
30/08/24;000000;260.55;261.8;254;254.45;46093930
02/09/24;000000;254.03;254.2;242.65;244.31;97567000
03/09/24;000000;244.39;250;240.01;244.04;105623660
04/09/24;000000;244.51;253.5;242.8;253.01;70628230
05/09/24;000000;255;258.17;251.11;252.82;78275280
06/09/24;000000;253.04;255.35;250.31;254.77;41321430
09/09/24;000000;256;263.45;255.3;263.31;66034220
10/09/24;000000;264.6;264.61;258.7;261.29;57661380
11/09/24;000000;260.8;262;257.5;258.2;38187230
12/09/24;000000;257.79;258.68;252.85;254.93;46294910
13/09/24;000000;255.18;259.92;248.75;258.25;111072970
16/09/24;000000;259.65;264.37;257.8;263.79;52514890
17/09/24;000000;264.12;267;260.55;265.99;57482960
18/09/24;000000;265.73;267.99;263.15;263.4;43207650
19/09/24;000000;263.93;266.19;262.32;264.5;35624340
20/09/24;000000;264.55;269.21;264.5;269.08;38731230
23/09/24;000000;269.32;273.8;269.3;273.17;49321720
24/09/24;000000;273.83;273.94;270.5;272.92;36940480
25/09/24;000000;272.93;273.8;267.3;267.8;43747450
26/09/24;000000;267.6;269.76;265.41;267.88;31838840
27/09/24;000000;268.5;269.7;267.17;268.07;18850980
30/09/24;000000;269.25;272.33;268.14;268.49;42404640
01/10/24;000000;267.64;268.68;264;266.29;51992710
02/10/24;000000;266.28;268;258.52;259.31;46490120
03/10/24;000000;259.31;264.49;257.2;264.25;56487900
04/10/24;000000;264.95;265.44;262.11;264.09;25906840
07/10/24;000000;264.25;267;261.37;263.39;28903960
08/10/24;000000;263.19;263.8;261.89;262.4;16119810
09/10/24;000000;262.55;263.8;259.59;260.86;24955850
10/10/24;000000;260.89;261.64;258.91;259.98;17641350
11/10/24;000000;259.81;260.07;256.8;256.94;24807370
14/10/24;000000;256.47;263.91;254.1;261.28;64068170
15/10/24;000000;260.94;263.7;259.84;262.03;26188700
16/10/24;000000;262.06;264.72;258.45;259.5;40177540
17/10/24;000000;259.5;260.45;256.03;256.57;24610370
18/10/24;000000;256.5;258.9;254.41;257.19;29989090
21/10/24;000000;257.27;259.85;256.78;258.21;21431740
22/10/24;000000;258.1;258.8;255.25;255.42;17034860
23/10/24;000000;255.25;255.9;251.34;252.01;30386580
24/10/24;000000;252.02;254.27;250.25;252.64;28722160
25/10/24;000000;252.76;255.35;245.7;246.35;80582460
28/10/24;000000;245.07;249;241.61;242.56;71823960
29/10/24;000000;243.19;244.6;239.88;242.66;47036950
30/10/24;000000;242.86;246.22;241.11;241.45;39715140
31/10/24;000000;241.39;242.8;236.23;237.9;57012180
01/11/24;000000;237.91;239.1;234.57;238.03;48318530
02/11/24;000000;237.88;240;237.71;238.97;14853190
05/11/24;000000;239.61;241.2;238.07;239.23;28108960
06/11/24;000000;247;248.56;242.05;243.6;77709700
07/11/24;000000;243.26;251;242.16;250.93;44425190
08/11/24;000000;251.5;255.99;250.5;255.98;57955250
11/11/24;000000;257.98;261.3;256.49;260.73;67108770
12/11/24;000000;259.99;260.7;255.27;255.77;40858380
13/11/24;000000;255.3;258.96;254.05;254.7;44517870
14/11/24;000000;254.3;255.92;248.6;249.52;48972450
15/11/24;000000;249.4;254.43;248.05;253.43;44169640
18/11/24;000000;249.09;251.94;247.3;248.72;51127080
19/11/24;000000;249.05;249.83;239.62;240.59;75453920
20/11/24;000000;241.8;243.59;234.74;237.05;70236990
21/11/24;000000;237.16;240.94;234;240.47;75052950
22/11/24;000000;240.55;241;234.78;236;45501870
25/11/24;000000;236;237.1;227.25;227.81;76358230
26/11/24;000000;227.81;231.9;221.2;223.16;96738220
27/11/24;000000;223.88;226.47;219.2;226.3;112401690
28/11/24;000000;227.06;229.5;222.48;228.56;67717140
29/11/24;000000;228.48;236.99;227.55;236.49;70247610
02/12/24;000000;237.09;238.7;234.32;235.17;45050170
03/12/24;000000;235.29;235.97;230.26;230.8;45313800
04/12/24;000000;231.05;233.79;224.3;224.55;72374990
05/12/24;000000;224.6;233.75;222.82;233.48;86902200
06/12/24;000000;233.63;238.25;231.52;237.84;81003410
09/12/24;000000;239.27;240.51;236.75;237.29;52314320
10/12/24;000000;238;238.01;230.65;230.82;58548350
11/12/24;000000;230.5;234.39;229.22;234.19;64817940
12/12/24;000000;234;235.95;228.52;229.02;59118900
13/12/24;000000;228.89;231.33;227.85;228.7;46091280
16/12/24;000000;228.6;229.05;224.38;225.53;54519260
17/12/24;000000;225.58;227.49;223.72;226.5;45827690
18/12/24;000000;226.72;230.8;224.33;230.15;58002020
19/12/24;000000;230.17;234.99;227.71;229;123831990
20/12/24;000000;229.32;258.98;228.03;257.6;235163880
23/12/24;000000;260;270;256.51;264.9;162588610
24/12/24;000000;264.93;266.79;261.02;264.34;83747800
25/12/24;000000;263.64;273;260.31;271.69;125501440
26/12/24;000000;272.02;274.25;269.1;269.56;75523970
27/12/24;000000;269.69;272.16;268.57;271.2;52121690
28/12/24;000000;271.37;273.99;270.4;272.83;39560080
30/12/24;000000;273.99;279.49;273.7;279.43;52353840
03/01/25;000000;279.99;280.41;271.8;272.25;42928720
06/01/25;000000;270.88;274.41;270.07;274.37;28260720
08/01/25;000000;273.39;277.87;273.09;277;26185200
09/01/25;000000;276.89;278.77;270.73;271.8;52866520
10/01/25;000000;272.32;279.53;270.27;278.77;71104590
13/01/25;000000;280.65;284.75;278.6;279.8;66252420
14/01/25;000000;279.82;282.36;277.41;279.85;45983040
15/01/25;000000;280;282.82;276.06;282.77;52822640
16/01/25;000000;283.72;284;281.18;281.8;49321630
17/01/25;000000;282.2;284.64;280.19;283.53;51815780
20/01/25;000000;285.11;286.23;277.61;278.19;67543880
21/01/25;000000;279.39;281.85;276.32;281.85;40374630
22/01/25;000000;281.94;284;280.2;280.36;47032130
23/01/25;000000;280.79;280.79;277.35;280.49;38509890
24/01/25;000000;281;282.75;279.25;280.74;32083360
27/01/25;000000;280.72;280.97;275.01;275.23;39028630
28/01/25;000000;275.25;279.26;274.01;278.35;39024990
29/01/25;000000;277.95;282.18;277.12;280.36;39150990
30/01/25;000000;280.37;282.5;280.36;281.97;28018670
31/01/25;000000;281.83;284.11;280.27;280.73;40327370
03/02/25;000000;280.21;280.35;278;279.55;30335260
04/02/25;000000;279.55;281.41;275.7;277.4;23982810
05/02/25;000000;277.3;283.89;275.34;282.88;43063150
06/02/25;000000;283.89;288.92;282.09;287.15;69290140
07/02/25;000000;287.66;288.9;285.08;285.81;27610110
10/02/25;000000;287.64;294.55;287.61;289.94;72903060
11/02/25;000000;290.42;294.1;289.3;294.06;55991750
12/02/25;000000;294.3;314.4;291.3;314;185802940
13/02/25;000000;315.61;318.72;307.2;310.1;116571990
14/02/25;000000;315.59;317.84;303.06;309.87;126690930
17/02/25;000000;314;319.55;312.31;319.5;84607980
18/02/25;000000;319.9;320.92;310.21;312.95;84855800
19/02/25;000000;313.53;317.25;311.01;315.91;50473290
20/02/25;000000;315.91;317.96;314.02;315.05;33153140
21/02/25;000000;315.48;316.69;312;314.74;32724140
24/02/25;000000;314.93;316.4;313;316.03;35706150
25/02/25;000000;316.03;318.59;315.62;316.97;38812180
26/02/25;000000;317;317.45;308.31;310.22;73822090
27/02/25;000000;310.22;312.45;305.43;307.1;60919290
28/02/25;000000;306.01;310.4;304.05;309.63;65631160
01/03/25;000000;309.84;310.94;309.47;310.11;1138430
02/03/25;000000;309.5;309.63;306.8;307.44;1885110
03/03/25;000000;306.45;307.92;300.2;305.5;66383120
04/03/25;000000;306.43;318.5;306.14;316.4;88099480
05/03/25;000000;316.5;318.3;313;313.56;57710050
06/03/25;000000;313.63;317.43;313.57;315.18;31957120
07/03/25;000000;315.3;321.87;310.69;316.92;110870150
10/03/25;000000;317;320.63;316.37;317.57;39294670
11/03/25;000000;317.78;321.98;315.57;319.69;64926270
12/03/25;000000;319.8;320.9;315.8;318.39;41920410
13/03/25;000000;318.39;320.5;312.5;316.37;78546460
14/03/25;000000;315.91;321.1;314.12;320.51;51691040
15/03/25;000000;320.69;321.3;319.82;320.74;1455280
16/03/25;000000;320.52;323.5;320.52;323.44;5680630
17/03/25;000000;323.45;326.97;322.62;326.02;58625040
18/03/25;000000;326.19;329.77;323.82;324.06;72941970
19/03/25;000000;324.49;326.88;322.3;325.3;39792530
20/03/25;000000;325.41;326;321.8;324.05;42352140
21/03/25;000000;324;326.08;322.15;323.26;28693860
24/03/25;000000;323.26;323.94;318.51;319.47;33031030
25/03/25;000000;320;322.2;314.65;319.8;48324870
26/03/25;000000;320;320.88;315.01;315.23;20575860
27/03/25;000000;315.8;317.16;311.95;311.96;36144680
28/03/25;000000;311.95;313.65;305.65;308.04;51856020
29/03/25;000000;307.8;308.3;302.64;303.89;5739820
30/03/25;000000;303.2;305.3;298.8;299.22;9158830
31/03/25;000000;300.07;310.88;300;309.72;48301070
01/04/25;000000;310.01;312.9;302.7;303.24;46073820
